{
	"textures": [
		{
			"image": "cat.png",
			"format": "RGBA8888",
			"size": {
				"w": 946,
				"h": 1341
			},
			"scale": 1,
			"frames": [
				{
					"filename": "fall0.png",
					"rotated": false,
					"trimmed": false,
					"sourceSize": {
						"w": 327,
						"h": 229
					},
					"spriteSourceSize": {
						"x": 0,
						"y": 0,
						"w": 327,
						"h": 229
					},
					"frame": {
						"x": 1,
						"y": 1,
						"w": 327,
						"h": 229
					}
				},
				{
					"filename": "rest0.png",
					"rotated": false,
					"trimmed": false,
					"sourceSize": {
						"w": 327,
						"h": 229
					},
					"spriteSourceSize": {
						"x": 0,
						"y": 0,
						"w": 327,
						"h": 229
					},
					"frame": {
						"x": 330,
						"y": 1,
						"w": 327,
						"h": 229
					}
				},
				{
					"filename": "climb0.png",
					"rotated": false,
					"trimmed": false,
					"sourceSize": {
						"w": 229,
						"h": 327
					},
					"spriteSourceSize": {
						"x": 0,
						"y": 0,
						"w": 229,
						"h": 327
					},
					"frame": {
						"x": 659,
						"y": 1,
						"w": 229,
						"h": 327
					}
				},
				{
					"filename": "climb1.png",
					"rotated": false,
					"trimmed": false,
					"sourceSize": {
						"w": 229,
						"h": 327
					},
					"spriteSourceSize": {
						"x": 0,
						"y": 0,
						"w": 229,
						"h": 327
					},
					"frame": {
						"x": 1,
						"y": 232,
						"w": 229,
						"h": 327
					}
				},
				{
					"filename": "climb2.png",
					"rotated": false,
					"trimmed": false,
					"sourceSize": {
						"w": 229,
						"h": 327
					},
					"spriteSourceSize": {
						"x": 0,
						"y": 0,
						"w": 229,
						"h": 327
					},
					"frame": {
						"x": 232,
						"y": 232,
						"w": 229,
						"h": 327
					}
				},
				{
					"filename": "climb3.png",
					"rotated": false,
					"trimmed": false,
					"sourceSize": {
						"w": 229,
						"h": 327
					},
					"spriteSourceSize": {
						"x": 0,
						"y": 0,
						"w": 229,
						"h": 327
					},
					"frame": {
						"x": 463,
						"y": 330,
						"w": 229,
						"h": 327
					}
				},
				{
					"filename": "climb4.png",
					"rotated": false,
					"trimmed": false,
					"sourceSize": {
						"w": 229,
						"h": 327
					},
					"spriteSourceSize": {
						"x": 0,
						"y": 0,
						"w": 229,
						"h": 327
					},
					"frame": {
						"x": 694,
						"y": 330,
						"w": 229,
						"h": 327
					}
				},
				{
					"filename": "climb5.png",
					"rotated": false,
					"trimmed": false,
					"sourceSize": {
						"w": 229,
						"h": 327
					},
					"spriteSourceSize": {
						"x": 0,
						"y": 0,
						"w": 229,
						"h": 327
					},
					"frame": {
						"x": 1,
						"y": 561,
						"w": 229,
						"h": 327
					}
				},
				{
					"filename": "climb6.png",
					"rotated": false,
					"trimmed": false,
					"sourceSize": {
						"w": 229,
						"h": 327
					},
					"spriteSourceSize": {
						"x": 0,
						"y": 0,
						"w": 229,
						"h": 327
					},
					"frame": {
						"x": 232,
						"y": 561,
						"w": 229,
						"h": 327
					}
				},
				{
					"filename": "climb7.png",
					"rotated": false,
					"trimmed": false,
					"sourceSize": {
						"w": 229,
						"h": 327
					},
					"spriteSourceSize": {
						"x": 0,
						"y": 0,
						"w": 229,
						"h": 327
					},
					"frame": {
						"x": 463,
						"y": 659,
						"w": 229,
						"h": 327
					}
				},
				{
					"filename": "spin0.png",
					"rotated": false,
					"trimmed": false,
					"sourceSize": {
						"w": 251,
						"h": 224
					},
					"spriteSourceSize": {
						"x": 0,
						"y": 0,
						"w": 251,
						"h": 224
					},
					"frame": {
						"x": 694,
						"y": 659,
						"w": 251,
						"h": 224
					}
				},
				{
					"filename": "spin1.png",
					"rotated": false,
					"trimmed": false,
					"sourceSize": {
						"w": 251,
						"h": 224
					},
					"spriteSourceSize": {
						"x": 0,
						"y": 0,
						"w": 251,
						"h": 224
					},
					"frame": {
						"x": 694,
						"y": 885,
						"w": 251,
						"h": 224
					}
				},
				{
					"filename": "spin2.png",
					"rotated": false,
					"trimmed": false,
					"sourceSize": {
						"w": 251,
						"h": 224
					},
					"spriteSourceSize": {
						"x": 0,
						"y": 0,
						"w": 251,
						"h": 224
					},
					"frame": {
						"x": 1,
						"y": 890,
						"w": 251,
						"h": 224
					}
				},
				{
					"filename": "spin3.png",
					"rotated": false,
					"trimmed": false,
					"sourceSize": {
						"w": 251,
						"h": 224
					},
					"spriteSourceSize": {
						"x": 0,
						"y": 0,
						"w": 251,
						"h": 224
					},
					"frame": {
						"x": 254,
						"y": 988,
						"w": 251,
						"h": 224
					}
				},
				{
					"filename": "spin4.png",
					"rotated": false,
					"trimmed": false,
					"sourceSize": {
						"w": 251,
						"h": 224
					},
					"spriteSourceSize": {
						"x": 0,
						"y": 0,
						"w": 251,
						"h": 224
					},
					"frame": {
						"x": 1,
						"y": 1116,
						"w": 251,
						"h": 224
					}
				},
				{
					"filename": "spin5.png",
					"rotated": false,
					"trimmed": false,
					"sourceSize": {
						"w": 251,
						"h": 224
					},
					"spriteSourceSize": {
						"x": 0,
						"y": 0,
						"w": 251,
						"h": 224
					},
					"frame": {
						"x": 507,
						"y": 1111,
						"w": 251,
						"h": 224
					}
				}
			]
		}
	],
	"meta": {
		"app": "https://www.codeandweb.com/texturepacker",
		"version": "3.0",
		"smartupdate": "$TexturePacker:SmartUpdate:c091b2d75845a3201b1f317ccd3bd926:6a7ac5a7f8e41f996d2aad2541d78c96:0c90b9ae8b3d48d6500f6626a5b7af7b$"
	}
}
